CREATE DATABASE  IF NOT EXISTS `dotdotdot_app` /*!40100 DEFAULT CHARACTER SET utf8mb4 COLLATE utf8mb4_0900_ai_ci */ /*!80016 DEFAULT ENCRYPTION='N' */;
USE `dotdotdot_app`;
-- MySQL dump 10.13  Distrib 8.0.45, for Win64 (x86_64)
--
-- Host: 127.0.0.1    Database: dotdotdot_app
-- ------------------------------------------------------
-- Server version	8.0.45

/*!40101 SET @OLD_CHARACTER_SET_CLIENT=@@CHARACTER_SET_CLIENT */;
/*!40101 SET @OLD_CHARACTER_SET_RESULTS=@@CHARACTER_SET_RESULTS */;
/*!40101 SET @OLD_COLLATION_CONNECTION=@@COLLATION_CONNECTION */;
/*!50503 SET NAMES utf8 */;
/*!40103 SET @OLD_TIME_ZONE=@@TIME_ZONE */;
/*!40103 SET TIME_ZONE='+00:00' */;
/*!40014 SET @OLD_UNIQUE_CHECKS=@@UNIQUE_CHECKS, UNIQUE_CHECKS=0 */;
/*!40014 SET @OLD_FOREIGN_KEY_CHECKS=@@FOREIGN_KEY_CHECKS, FOREIGN_KEY_CHECKS=0 */;
/*!40101 SET @OLD_SQL_MODE=@@SQL_MODE, SQL_MODE='NO_AUTO_VALUE_ON_ZERO' */;
/*!40111 SET @OLD_SQL_NOTES=@@SQL_NOTES, SQL_NOTES=0 */;

--
-- Table structure for table `accounts`
--

DROP TABLE IF EXISTS `accounts`;
/*!40101 SET @saved_cs_client     = @@character_set_client */;
/*!50503 SET character_set_client = utf8mb4 */;
CREATE TABLE `accounts` (
  `id_account` int NOT NULL AUTO_INCREMENT,
  `username` varchar(100) NOT NULL,
  `password` varchar(100) NOT NULL,
  `role` varchar(50) NOT NULL,
  PRIMARY KEY (`id_account`)
) ENGINE=InnoDB AUTO_INCREMENT=14 DEFAULT CHARSET=utf8mb4 COLLATE=utf8mb4_0900_ai_ci;
/*!40101 SET character_set_client = @saved_cs_client */;

--
-- Dumping data for table `accounts`
--

LOCK TABLES `accounts` WRITE;
/*!40000 ALTER TABLE `accounts` DISABLE KEYS */;
INSERT INTO `accounts` VALUES (1,'admin','admin123','admin'),(2,'store_manager','store123','store_manager'),(3,'alghi','alghi123','customer'),(4,'rizky','rizky123','customer'),(5,'dinda','dinda123','customer'),(6,'fajar','fajar123','customer'),(7,'sinta','sinta123','customer'),(8,'bagas','bagas123','customer'),(9,'nadia','nadia123','customer'),(10,'farel','farel123','customer'),(11,'putri','putri123','customer'),(12,'galih','galih123','customer'),(13,'dion','silverslayer123','customer');
/*!40000 ALTER TABLE `accounts` ENABLE KEYS */;
UNLOCK TABLES;

--
-- Table structure for table `menu`
--

DROP TABLE IF EXISTS `menu`;
/*!40101 SET @saved_cs_client     = @@character_set_client */;
/*!50503 SET character_set_client = utf8mb4 */;
CREATE TABLE `menu` (
  `id_menu` int NOT NULL AUTO_INCREMENT,
  `name` varchar(100) NOT NULL,
  `category` varchar(50) NOT NULL,
  `size` varchar(20) NOT NULL,
  `price` decimal(10,2) NOT NULL,
  PRIMARY KEY (`id_menu`)
) ENGINE=InnoDB AUTO_INCREMENT=12 DEFAULT CHARSET=utf8mb4 COLLATE=utf8mb4_0900_ai_ci;
/*!40101 SET character_set_client = @saved_cs_client */;

--
-- Dumping data for table `menu`
--

LOCK TABLES `menu` WRITE;
/*!40000 ALTER TABLE `menu` DISABLE KEYS */;
INSERT INTO `menu` VALUES (1,'Coffee Aren Latte','coffee','250ml',18000.00),(2,'Coffee Aren Latte','coffee','500ml',32000.00),(3,'Coffee Aren Latte','coffee','1000ml',55000.00),(4,'Coffee Butterscotch Latte','coffee','250ml',25000.00),(5,'Coffee Butterscotch Latte','coffee','500ml',40000.00),(6,'Coffee Butterscotch Latte','coffee','1000ml',68000.00),(7,'Macha Latte','matcha','250ml',30000.00),(8,'Macha Latte','matcha','500ml',45000.00),(9,'Macha Latte','matcha','1000ml',70000.00);
/*!40000 ALTER TABLE `menu` ENABLE KEYS */;
UNLOCK TABLES;

--
-- Table structure for table `stock`
--

DROP TABLE IF EXISTS `stock`;
/*!40101 SET @saved_cs_client     = @@character_set_client */;
/*!50503 SET character_set_client = utf8mb4 */;
CREATE TABLE `stock` (
  `id_stock` int NOT NULL AUTO_INCREMENT,
  `id_menu` int NOT NULL,
  `quantity` int NOT NULL DEFAULT '0',
  PRIMARY KEY (`id_stock`)
) ENGINE=InnoDB AUTO_INCREMENT=10 DEFAULT CHARSET=utf8mb4 COLLATE=utf8mb4_0900_ai_ci;
/*!40101 SET character_set_client = @saved_cs_client */;

--
-- Dumping data for table `stock`
--

LOCK TABLES `stock` WRITE;
/*!40000 ALTER TABLE `stock` DISABLE KEYS */;
INSERT INTO `stock` VALUES (1,1,50),(2,2,40),(3,3,20),(4,4,45),(5,5,35),(6,6,15),(7,7,30),(8,8,25),(9,9,10);
/*!40000 ALTER TABLE `stock` ENABLE KEYS */;
UNLOCK TABLES;

--
-- Table structure for table `transactions`
--

DROP TABLE IF EXISTS `transactions`;
/*!40101 SET @saved_cs_client     = @@character_set_client */;
/*!50503 SET character_set_client = utf8mb4 */;
CREATE TABLE `transactions` (
  `id_transaction` int NOT NULL AUTO_INCREMENT,
  `id_account` int NOT NULL,
  `id_menu` int NOT NULL,
  `quantity` int NOT NULL DEFAULT '1',
  `total_price` decimal(10,2) NOT NULL,
  `payment_method` varchar(50) NOT NULL,
  `date` datetime NOT NULL DEFAULT CURRENT_TIMESTAMP,
  PRIMARY KEY (`id_transaction`)
) ENGINE=InnoDB AUTO_INCREMENT=551 DEFAULT CHARSET=utf8mb4 COLLATE=utf8mb4_0900_ai_ci;
/*!40101 SET character_set_client = @saved_cs_client */;

--
-- Dumping data for table `transactions`
--

LOCK TABLES `transactions` WRITE;
/*!40000 ALTER TABLE `transactions` DISABLE KEYS */;
INSERT INTO `transactions` VALUES (1,5,7,1,30000.00,'cash','2026-02-18 20:10:02'),(2,7,4,3,75000.00,'cash','2025-12-24 19:15:08'),(3,5,4,1,25000.00,'transfer','2026-02-24 16:13:29'),(4,5,1,1,18000.00,'transfer','2025-12-30 09:19:52'),(5,4,1,1,18000.00,'cash','2025-09-16 21:20:30'),(6,4,3,3,135000.00,'transfer','2026-01-08 17:43:45'),(7,11,1,3,54000.00,'cash','2025-10-17 17:13:57'),(8,9,7,1,30000.00,'transfer','2026-02-13 10:25:36'),(9,12,1,1,18000.00,'transfer','2025-11-12 15:15:40'),(10,9,2,1,28000.00,'cash','2025-11-26 19:47:09'),(11,11,4,2,50000.00,'transfer','2026-02-19 17:39:42'),(12,9,5,1,35000.00,'transfer','2025-11-14 19:01:24'),(13,6,1,2,36000.00,'transfer','2025-12-14 19:07:33'),(14,4,7,1,30000.00,'transfer','2025-11-27 16:17:51'),(15,3,6,1,55000.00,'cash','2026-01-23 14:08:10'),(16,6,7,1,30000.00,'cash','2025-10-16 12:48:22'),(17,7,2,3,84000.00,'cash','2025-11-08 08:07:55'),(18,6,1,2,36000.00,'cash','2026-01-02 14:18:52'),(19,3,1,1,18000.00,'transfer','2025-09-29 16:43:59'),(20,4,5,1,35000.00,'cash','2026-01-11 11:59:55'),(21,8,6,1,55000.00,'transfer','2026-02-01 12:05:44'),(22,8,4,2,50000.00,'cash','2026-02-09 16:52:45'),(23,6,4,2,50000.00,'cash','2025-12-02 15:18:33'),(24,10,2,2,56000.00,'transfer','2025-11-20 10:08:18'),(25,7,4,4,100000.00,'transfer','2025-09-07 20:48:18'),(26,5,5,1,35000.00,'transfer','2025-10-31 14:13:41'),(27,5,2,1,28000.00,'transfer','2025-11-08 18:21:42'),(28,11,3,1,45000.00,'cash','2025-09-10 11:03:25'),(29,6,9,2,140000.00,'transfer','2026-01-29 19:28:17'),(30,4,4,3,75000.00,'transfer','2025-12-10 19:00:10'),(31,7,1,2,36000.00,'transfer','2026-02-23 18:40:36'),(32,10,4,3,75000.00,'cash','2026-02-06 13:12:37'),(33,10,2,3,84000.00,'cash','2025-12-18 14:44:14'),(34,3,7,2,60000.00,'transfer','2026-01-01 10:49:56'),(35,5,2,1,28000.00,'cash','2026-02-19 18:10:52'),(36,4,4,2,50000.00,'transfer','2026-01-23 13:25:23'),(37,4,1,1,18000.00,'cash','2025-09-07 08:13:14'),(38,7,7,3,90000.00,'transfer','2025-10-30 18:34:57'),(39,9,4,1,25000.00,'cash','2025-11-11 14:24:53'),(40,10,4,1,25000.00,'transfer','2026-01-21 15:55:51'),(41,5,4,1,25000.00,'transfer','2025-12-16 14:06:02'),(42,12,5,3,105000.00,'transfer','2025-10-15 15:20:25'),(43,12,1,2,36000.00,'cash','2026-02-16 08:18:44'),(44,9,6,3,165000.00,'transfer','2025-09-23 12:22:56'),(45,10,1,1,18000.00,'transfer','2025-12-13 18:30:38'),(46,5,4,1,25000.00,'cash','2026-02-28 11:59:26'),(47,7,2,1,28000.00,'transfer','2026-01-04 19:32:42'),(48,3,1,1,18000.00,'transfer','2025-10-04 18:52:28'),(49,6,3,4,180000.00,'transfer','2025-11-08 21:26:59'),(50,4,3,1,45000.00,'cash','2026-02-07 16:44:51'),(51,7,4,3,75000.00,'cash','2025-12-24 08:16:03'),(52,12,5,1,35000.00,'cash','2026-01-09 15:42:35'),(53,7,1,1,18000.00,'transfer','2025-10-27 10:36:30'),(54,10,1,1,18000.00,'cash','2025-12-13 16:06:30'),(55,4,4,1,25000.00,'transfer','2026-03-05 14:32:15'),(56,6,8,1,45000.00,'transfer','2025-10-17 21:19:42'),(57,12,7,1,30000.00,'transfer','2025-11-08 19:10:51'),(58,10,1,2,36000.00,'cash','2026-01-28 14:41:50'),(59,9,1,1,18000.00,'transfer','2025-10-22 12:06:06'),(60,4,4,1,25000.00,'cash','2025-12-08 08:57:21'),(61,9,2,1,28000.00,'cash','2025-12-01 14:36:46'),(62,3,1,3,54000.00,'transfer','2026-03-02 09:35:27'),(63,10,5,1,35000.00,'transfer','2026-02-12 19:37:14'),(64,7,4,3,75000.00,'cash','2025-09-16 21:47:42'),(65,11,5,3,105000.00,'transfer','2026-02-05 14:02:09'),(66,10,4,2,50000.00,'transfer','2025-11-06 14:57:24'),(67,12,2,1,28000.00,'cash','2025-11-16 11:42:53'),(68,8,1,1,18000.00,'cash','2026-02-04 10:03:48'),(69,12,8,1,45000.00,'transfer','2025-09-08 16:49:06'),(70,9,7,3,90000.00,'transfer','2026-02-06 10:53:22'),(71,6,4,3,75000.00,'transfer','2026-02-06 08:57:25'),(72,6,5,1,35000.00,'cash','2025-10-28 17:22:33'),(73,4,2,2,56000.00,'transfer','2025-11-17 19:52:11'),(74,8,2,2,56000.00,'transfer','2025-11-02 17:11:21'),(75,11,4,1,25000.00,'transfer','2025-12-12 08:58:25'),(76,11,4,1,25000.00,'transfer','2026-02-25 14:38:18'),(77,7,2,1,28000.00,'cash','2025-11-05 09:42:42'),(78,12,7,2,60000.00,'cash','2026-01-05 12:56:51'),(79,4,6,2,110000.00,'cash','2025-12-13 12:39:40'),(80,12,5,1,35000.00,'cash','2026-03-01 09:30:45'),(81,12,5,4,140000.00,'transfer','2025-09-24 11:49:00'),(82,12,7,1,30000.00,'cash','2026-02-27 17:14:57'),(83,6,6,1,55000.00,'cash','2025-10-28 10:30:05'),(84,7,8,3,135000.00,'cash','2025-10-26 08:20:43'),(85,11,6,1,55000.00,'cash','2025-11-14 18:25:53'),(86,11,5,3,105000.00,'transfer','2026-01-01 09:48:28'),(87,12,7,2,60000.00,'cash','2025-10-01 16:49:29'),(88,8,7,1,30000.00,'cash','2026-01-05 20:48:17'),(89,11,2,3,84000.00,'transfer','2026-02-16 21:30:18'),(90,8,7,1,30000.00,'transfer','2026-01-31 10:24:42'),(91,5,2,1,28000.00,'cash','2025-09-13 14:39:08'),(92,6,3,1,45000.00,'transfer','2026-02-24 14:01:46'),(93,5,1,2,36000.00,'transfer','2026-01-03 17:42:24'),(94,12,1,3,54000.00,'transfer','2025-09-22 20:18:36'),(95,9,1,1,18000.00,'cash','2026-02-07 21:12:44'),(96,10,4,3,75000.00,'transfer','2026-02-16 16:25:22'),(97,6,1,1,18000.00,'transfer','2025-12-19 20:31:55'),(98,5,4,1,25000.00,'cash','2025-09-20 18:35:13'),(99,12,6,1,55000.00,'cash','2025-12-07 21:47:56'),(100,7,8,1,45000.00,'cash','2025-11-07 17:25:49'),(101,12,5,1,35000.00,'transfer','2025-12-27 19:57:22'),(102,6,8,1,45000.00,'transfer','2025-11-15 19:57:01'),(103,7,2,3,84000.00,'transfer','2025-10-13 09:49:45'),(104,12,2,1,28000.00,'cash','2025-10-29 15:37:51'),(105,5,5,3,105000.00,'transfer','2025-11-17 13:49:29'),(106,11,4,2,50000.00,'cash','2026-02-13 16:21:10'),(107,5,5,1,35000.00,'transfer','2025-11-16 10:29:52'),(108,3,6,1,55000.00,'transfer','2025-12-28 18:00:22'),(109,8,1,4,72000.00,'cash','2025-10-20 12:02:58'),(110,3,2,1,28000.00,'cash','2025-11-17 11:47:50'),(111,9,8,1,45000.00,'transfer','2025-10-24 19:38:06'),(112,5,7,2,60000.00,'transfer','2026-02-13 19:47:53'),(113,6,8,4,180000.00,'transfer','2025-11-21 08:45:47'),(114,8,4,1,25000.00,'cash','2025-11-24 10:24:33'),(115,4,6,1,55000.00,'transfer','2025-12-28 10:49:29'),(116,3,5,4,140000.00,'cash','2026-02-22 20:33:33'),(117,10,4,2,50000.00,'transfer','2025-10-13 21:43:01'),(118,9,1,3,54000.00,'transfer','2026-01-16 13:56:37'),(119,12,5,1,35000.00,'cash','2025-09-17 10:17:37'),(120,8,6,1,55000.00,'cash','2025-09-30 16:36:03'),(121,10,1,1,18000.00,'cash','2026-01-25 08:53:40'),(122,4,3,1,45000.00,'cash','2025-11-14 15:47:11'),(123,6,4,1,25000.00,'transfer','2025-12-17 16:26:55'),(124,11,6,3,165000.00,'cash','2025-12-29 11:02:52'),(125,8,2,2,56000.00,'cash','2025-11-29 20:30:45'),(126,9,7,2,60000.00,'cash','2025-11-26 20:33:33'),(127,6,7,1,30000.00,'transfer','2025-12-19 10:32:36'),(128,7,7,1,30000.00,'transfer','2025-09-26 18:22:54'),(129,3,2,1,28000.00,'transfer','2025-10-20 17:09:12'),(130,7,4,4,100000.00,'transfer','2025-11-24 20:11:09'),(131,5,2,2,56000.00,'transfer','2026-02-13 08:35:44'),(132,4,6,3,165000.00,'transfer','2025-10-18 19:56:36'),(133,9,7,2,60000.00,'cash','2026-01-17 09:38:57'),(134,12,2,2,56000.00,'cash','2025-09-09 13:26:58'),(135,11,4,1,25000.00,'transfer','2025-11-26 16:33:42'),(136,10,6,2,110000.00,'cash','2026-02-09 10:06:41'),(137,6,1,1,18000.00,'cash','2025-10-11 14:20:42'),(138,5,5,1,35000.00,'cash','2026-03-04 10:02:09'),(139,3,4,1,25000.00,'cash','2026-01-03 18:16:13'),(140,4,1,1,18000.00,'transfer','2025-12-23 21:26:37'),(141,6,5,2,70000.00,'cash','2025-12-30 09:26:39'),(142,6,4,3,75000.00,'transfer','2025-11-30 09:21:15'),(143,5,9,2,140000.00,'cash','2026-01-09 10:46:18'),(144,10,7,4,120000.00,'cash','2025-12-17 08:39:43'),(145,10,5,1,35000.00,'cash','2025-10-06 08:21:31'),(146,3,4,1,25000.00,'transfer','2025-11-03 20:31:42'),(147,7,1,1,18000.00,'cash','2025-12-31 15:21:13'),(148,5,1,2,36000.00,'transfer','2026-02-27 20:03:19'),(149,12,3,2,90000.00,'cash','2026-02-03 14:15:07'),(150,11,9,2,140000.00,'transfer','2026-02-08 17:44:50'),(151,9,1,3,54000.00,'transfer','2026-01-19 17:23:15'),(152,5,1,4,72000.00,'cash','2026-02-11 10:23:02'),(153,7,9,1,70000.00,'transfer','2025-11-23 17:04:48'),(154,7,1,1,18000.00,'cash','2025-11-01 21:59:38'),(155,6,2,1,28000.00,'cash','2025-12-23 16:53:22'),(156,8,7,1,30000.00,'cash','2025-09-18 13:04:40'),(157,12,6,2,110000.00,'transfer','2025-12-25 11:07:36'),(158,7,1,2,36000.00,'cash','2025-11-19 08:32:05'),(159,6,7,1,30000.00,'transfer','2025-09-26 16:20:09'),(160,10,1,3,54000.00,'cash','2025-10-30 16:44:42'),(161,11,2,1,28000.00,'cash','2025-10-02 21:20:32'),(162,11,4,3,75000.00,'cash','2026-01-05 15:02:20'),(163,7,7,4,120000.00,'cash','2025-12-12 10:52:27'),(164,6,1,2,36000.00,'cash','2025-10-23 17:50:17'),(165,5,1,2,36000.00,'transfer','2026-01-04 17:40:54'),(166,7,3,1,45000.00,'transfer','2025-12-08 11:13:53'),(167,9,9,3,210000.00,'cash','2025-10-16 15:44:51'),(168,11,4,2,50000.00,'transfer','2025-12-12 19:22:29'),(169,3,2,4,112000.00,'cash','2025-09-16 12:56:14'),(170,10,5,1,35000.00,'cash','2026-02-05 20:36:08'),(171,6,4,2,50000.00,'transfer','2025-11-08 21:09:45'),(172,4,7,1,30000.00,'transfer','2025-09-08 16:16:59'),(173,9,1,3,54000.00,'transfer','2025-11-13 17:34:04'),(174,3,2,1,28000.00,'transfer','2025-10-21 17:47:05'),(175,9,2,1,28000.00,'cash','2026-01-14 21:01:01'),(176,12,1,2,36000.00,'transfer','2025-12-17 14:10:17'),(177,10,4,3,75000.00,'cash','2025-09-24 08:20:51'),(178,5,5,1,35000.00,'cash','2025-11-11 11:02:40'),(179,7,5,2,70000.00,'cash','2025-12-25 20:15:47'),(180,11,1,1,18000.00,'transfer','2025-09-20 09:50:31'),(181,4,3,1,45000.00,'transfer','2026-01-30 16:02:17'),(182,10,1,1,18000.00,'transfer','2026-02-20 08:49:28'),(183,7,4,2,50000.00,'cash','2026-02-17 14:11:32'),(184,11,1,1,18000.00,'cash','2025-11-12 20:42:47'),(185,7,2,1,28000.00,'transfer','2026-02-08 12:26:57'),(186,11,8,1,45000.00,'cash','2026-03-04 19:25:13'),(187,7,1,2,36000.00,'cash','2025-10-13 21:41:46'),(188,8,5,2,70000.00,'cash','2025-12-15 20:30:30'),(189,4,4,1,25000.00,'cash','2026-03-02 11:00:01'),(190,12,7,2,60000.00,'cash','2026-02-22 15:24:21'),(191,3,5,2,70000.00,'transfer','2026-01-22 18:57:00'),(192,3,8,1,45000.00,'transfer','2025-10-18 15:46:21'),(193,8,5,2,70000.00,'cash','2025-11-05 19:29:17'),(194,11,2,4,112000.00,'transfer','2025-10-09 09:03:51'),(195,4,1,1,18000.00,'transfer','2025-09-10 13:33:49'),(196,7,3,2,90000.00,'transfer','2025-12-27 13:42:30'),(197,6,2,2,56000.00,'cash','2026-01-03 09:02:01'),(198,4,4,1,25000.00,'cash','2026-02-22 08:38:45'),(199,6,8,1,45000.00,'cash','2025-12-12 12:54:21'),(200,11,3,1,45000.00,'cash','2025-11-12 15:58:14'),(201,7,4,1,25000.00,'transfer','2025-11-11 15:19:43'),(202,6,4,1,25000.00,'cash','2025-11-21 19:56:38'),(203,12,4,1,25000.00,'cash','2026-01-07 19:04:19'),(204,8,4,3,75000.00,'transfer','2025-11-30 21:58:42'),(205,3,2,2,56000.00,'transfer','2025-11-01 08:20:12'),(206,8,1,2,36000.00,'cash','2026-02-28 16:28:28'),(207,8,5,1,35000.00,'cash','2025-10-10 18:27:02'),(208,6,1,2,36000.00,'cash','2025-12-05 14:18:05'),(209,10,2,2,56000.00,'cash','2025-12-20 14:46:29'),(210,10,1,2,36000.00,'cash','2026-01-13 08:27:34'),(211,7,1,1,18000.00,'cash','2025-12-29 15:09:43'),(212,8,1,2,36000.00,'cash','2025-11-02 16:50:06'),(213,9,6,2,110000.00,'transfer','2025-10-28 13:52:45'),(214,3,1,1,18000.00,'transfer','2025-09-25 11:02:05'),(215,9,2,3,84000.00,'cash','2026-01-03 18:04:06'),(216,9,1,3,54000.00,'transfer','2025-09-06 12:27:27'),(217,3,1,2,36000.00,'cash','2025-11-19 17:13:15'),(218,9,1,1,18000.00,'transfer','2025-12-08 08:50:20'),(219,12,4,1,25000.00,'transfer','2025-12-25 18:00:55'),(220,10,5,1,35000.00,'cash','2025-09-15 18:23:02'),(221,4,8,1,45000.00,'transfer','2025-10-04 12:52:40'),(222,11,4,3,75000.00,'cash','2026-01-22 19:51:32'),(223,8,2,4,112000.00,'transfer','2026-02-27 16:38:49'),(224,6,7,3,90000.00,'cash','2025-09-06 14:55:54'),(225,6,1,1,18000.00,'cash','2025-09-16 21:55:14'),(226,7,6,2,110000.00,'cash','2026-02-08 08:49:24'),(227,4,3,3,135000.00,'transfer','2025-11-16 11:53:46'),(228,3,5,2,70000.00,'cash','2025-09-24 11:25:04'),(229,10,7,1,30000.00,'cash','2025-12-13 15:37:07'),(230,8,3,2,90000.00,'cash','2026-02-26 15:42:42'),(231,6,4,2,50000.00,'transfer','2025-11-12 21:31:40'),(232,8,2,2,56000.00,'cash','2025-11-20 20:49:53'),(233,5,2,1,28000.00,'transfer','2025-12-08 10:39:05'),(234,5,5,2,70000.00,'transfer','2026-03-02 14:04:26'),(235,12,5,1,35000.00,'cash','2025-12-18 14:06:13'),(236,7,2,2,56000.00,'transfer','2025-10-26 12:54:52'),(237,12,1,1,18000.00,'transfer','2025-09-17 08:22:59'),(238,9,6,4,220000.00,'cash','2025-11-13 19:53:52'),(239,5,2,2,56000.00,'transfer','2026-01-23 08:23:43'),(240,7,5,2,70000.00,'cash','2026-03-05 20:19:26'),(241,10,4,2,50000.00,'cash','2025-12-10 19:53:02'),(242,7,2,3,84000.00,'cash','2026-01-04 12:41:34'),(243,10,7,3,90000.00,'transfer','2026-02-16 09:47:34'),(244,5,1,2,36000.00,'cash','2026-01-19 20:23:04'),(245,7,1,1,18000.00,'transfer','2025-09-15 17:23:53'),(246,5,2,1,28000.00,'transfer','2025-12-12 09:10:08'),(247,7,6,1,55000.00,'transfer','2025-11-21 12:50:26'),(248,5,8,1,45000.00,'cash','2025-10-22 15:26:52'),(249,7,7,2,60000.00,'transfer','2025-09-30 18:54:25'),(250,7,2,2,56000.00,'cash','2025-11-10 09:26:22'),(251,3,1,3,54000.00,'transfer','2026-01-13 20:48:12'),(252,12,7,1,30000.00,'transfer','2025-11-07 21:29:04'),(253,11,5,1,35000.00,'cash','2026-02-26 09:55:42'),(254,5,1,3,54000.00,'cash','2026-02-20 19:16:48'),(255,10,1,1,18000.00,'transfer','2025-11-18 09:11:55'),(256,4,5,2,70000.00,'cash','2026-01-31 11:00:48'),(257,3,3,2,90000.00,'transfer','2025-11-07 15:57:34'),(258,6,7,2,60000.00,'transfer','2026-03-05 13:33:29'),(259,11,1,2,36000.00,'transfer','2025-11-29 14:32:34'),(260,5,5,1,35000.00,'transfer','2025-12-03 18:13:40'),(261,8,3,3,135000.00,'cash','2025-12-17 11:56:08'),(262,3,1,2,36000.00,'transfer','2025-12-19 21:14:53'),(263,3,7,2,60000.00,'cash','2025-09-08 12:33:31'),(264,9,4,1,25000.00,'cash','2025-11-28 10:11:42'),(265,11,8,1,45000.00,'cash','2025-10-17 17:44:22'),(266,6,7,3,90000.00,'transfer','2026-01-10 12:18:34'),(267,5,4,2,50000.00,'transfer','2025-10-20 11:19:04'),(268,6,4,2,50000.00,'cash','2025-09-13 15:06:08'),(269,3,8,1,45000.00,'transfer','2025-12-31 19:34:39'),(270,10,2,1,28000.00,'transfer','2025-12-27 14:40:02'),(271,11,1,1,18000.00,'cash','2025-10-12 11:02:34'),(272,12,4,1,25000.00,'transfer','2025-11-28 19:48:02'),(273,6,4,2,50000.00,'transfer','2026-01-20 19:05:12'),(274,9,4,4,100000.00,'transfer','2025-12-10 08:09:25'),(275,8,7,3,90000.00,'transfer','2025-10-30 20:15:40'),(276,11,9,1,70000.00,'transfer','2026-01-07 18:43:57'),(277,11,1,1,18000.00,'transfer','2025-09-30 18:33:31'),(278,7,1,1,18000.00,'transfer','2026-01-31 18:43:22'),(279,11,8,3,135000.00,'transfer','2025-10-31 11:02:06'),(280,11,7,1,30000.00,'cash','2025-10-04 17:29:30'),(281,7,1,2,36000.00,'transfer','2025-10-29 08:12:13'),(282,11,6,2,110000.00,'cash','2026-02-20 11:04:32'),(283,10,4,2,50000.00,'transfer','2026-02-06 18:24:21'),(284,11,3,1,45000.00,'transfer','2025-10-30 09:22:38'),(285,7,7,1,30000.00,'transfer','2026-03-04 16:37:44'),(286,8,2,2,56000.00,'transfer','2026-02-08 18:25:17'),(287,3,1,4,72000.00,'transfer','2025-10-02 08:18:01'),(288,10,1,4,72000.00,'transfer','2025-10-22 08:11:50'),(289,5,1,1,18000.00,'transfer','2025-12-06 19:46:33'),(290,6,3,2,90000.00,'transfer','2025-09-14 16:03:06'),(291,6,7,2,60000.00,'transfer','2026-01-25 15:32:09'),(292,8,4,1,25000.00,'cash','2025-12-11 17:26:07'),(293,3,5,1,35000.00,'cash','2025-10-06 16:57:35'),(294,8,1,3,54000.00,'cash','2025-09-10 11:41:52'),(295,7,3,2,90000.00,'cash','2025-09-08 15:32:45'),(296,3,5,3,105000.00,'cash','2026-03-01 16:10:26'),(297,11,2,1,28000.00,'cash','2025-12-23 16:02:23'),(298,3,4,3,75000.00,'transfer','2025-12-31 09:31:56'),(299,3,7,1,30000.00,'transfer','2025-12-17 08:00:17'),(300,9,3,3,135000.00,'cash','2025-12-08 19:54:58'),(301,4,5,1,35000.00,'cash','2026-01-02 21:42:09'),(302,6,5,1,35000.00,'cash','2025-09-23 10:18:42'),(303,8,6,3,165000.00,'transfer','2026-01-26 18:30:42'),(304,12,6,1,55000.00,'transfer','2026-01-30 08:05:41'),(305,4,1,1,18000.00,'transfer','2025-10-24 08:48:08'),(306,4,1,1,18000.00,'cash','2025-09-25 14:14:50'),(307,5,9,1,70000.00,'transfer','2025-12-16 18:59:06'),(308,10,2,1,28000.00,'transfer','2026-01-17 09:54:33'),(309,3,1,1,18000.00,'cash','2025-09-16 18:06:01'),(310,8,1,1,18000.00,'transfer','2026-01-21 08:44:23'),(311,11,1,1,18000.00,'transfer','2026-02-27 18:51:44'),(312,3,8,3,135000.00,'cash','2025-10-30 14:04:19'),(313,8,9,2,140000.00,'transfer','2025-11-03 20:30:28'),(314,4,3,1,45000.00,'transfer','2025-11-13 15:43:15'),(315,5,2,2,56000.00,'cash','2025-09-05 09:44:47'),(316,11,5,2,70000.00,'transfer','2025-12-23 11:54:54'),(317,12,1,1,18000.00,'cash','2025-09-23 09:28:57'),(318,5,1,2,36000.00,'cash','2025-11-14 16:53:48'),(319,6,1,1,18000.00,'transfer','2025-10-24 18:16:05'),(320,4,1,3,54000.00,'transfer','2026-01-29 13:54:04'),(321,6,4,3,75000.00,'transfer','2026-02-09 09:28:10'),(322,4,1,1,18000.00,'cash','2025-11-08 16:57:17'),(323,12,4,1,25000.00,'transfer','2026-01-16 21:36:43'),(324,7,2,3,84000.00,'cash','2025-09-30 21:06:34'),(325,6,6,1,55000.00,'cash','2025-10-26 19:10:44'),(326,8,4,1,25000.00,'cash','2026-03-03 19:35:15'),(327,12,1,1,18000.00,'cash','2026-01-15 14:05:17'),(328,6,9,3,210000.00,'transfer','2025-11-05 13:50:52'),(329,5,1,2,36000.00,'cash','2026-02-12 15:41:28'),(330,6,6,1,55000.00,'transfer','2026-01-07 14:25:19'),(331,4,5,4,140000.00,'cash','2025-11-07 17:51:26'),(332,9,8,1,45000.00,'transfer','2026-02-06 17:12:03'),(333,9,9,2,140000.00,'transfer','2026-01-27 18:18:29'),(334,11,3,1,45000.00,'cash','2025-10-04 08:35:19'),(335,3,3,1,45000.00,'transfer','2025-09-25 15:27:28'),(336,10,5,1,35000.00,'cash','2026-02-24 09:27:46'),(337,4,2,1,28000.00,'transfer','2025-12-02 09:14:17'),(338,10,5,1,35000.00,'cash','2025-12-06 10:12:30'),(339,5,1,2,36000.00,'cash','2025-12-03 16:24:45'),(340,10,2,1,28000.00,'transfer','2025-12-02 15:09:42'),(341,5,2,1,28000.00,'cash','2025-11-21 16:03:55'),(342,7,2,1,28000.00,'transfer','2025-12-27 12:46:41'),(343,3,4,1,25000.00,'cash','2026-01-06 15:29:51'),(344,11,4,1,25000.00,'transfer','2026-01-02 18:39:32'),(345,3,8,3,135000.00,'cash','2026-01-26 10:13:48'),(346,10,2,1,28000.00,'cash','2025-09-05 10:13:11'),(347,8,2,1,28000.00,'transfer','2025-11-30 13:35:43'),(348,4,1,2,36000.00,'cash','2026-03-05 09:10:29'),(349,7,1,3,54000.00,'cash','2025-10-13 18:40:29'),(350,9,5,2,70000.00,'cash','2026-02-23 15:58:49'),(351,11,2,3,84000.00,'transfer','2026-01-23 12:28:07'),(352,5,5,1,35000.00,'cash','2026-02-24 10:54:09'),(353,6,8,2,90000.00,'cash','2025-09-30 18:39:58'),(354,4,5,2,70000.00,'cash','2025-12-02 12:17:07'),(355,9,5,1,35000.00,'transfer','2025-11-14 12:45:19'),(356,3,5,4,140000.00,'cash','2026-01-25 16:38:42'),(357,10,1,1,18000.00,'cash','2025-11-19 19:04:22'),(358,8,5,1,35000.00,'transfer','2026-02-11 09:13:09'),(359,10,1,3,54000.00,'cash','2025-10-09 16:00:05'),(360,4,1,3,54000.00,'cash','2026-02-22 09:22:45'),(361,11,8,1,45000.00,'cash','2025-09-06 08:16:29'),(362,5,8,3,135000.00,'cash','2025-11-19 14:44:49'),(363,10,1,1,18000.00,'cash','2026-01-06 17:57:01'),(364,11,8,1,45000.00,'cash','2025-12-24 08:23:13'),(365,6,2,3,84000.00,'cash','2025-10-24 15:14:58'),(366,6,8,1,45000.00,'transfer','2026-02-12 15:23:59'),(367,9,7,3,90000.00,'cash','2025-09-13 11:05:22'),(368,3,3,1,45000.00,'transfer','2025-12-03 17:38:18'),(369,7,3,2,90000.00,'transfer','2025-09-16 17:01:56'),(370,7,1,1,18000.00,'cash','2025-11-22 09:21:50'),(371,12,5,3,105000.00,'transfer','2025-11-06 08:08:08'),(372,4,4,1,25000.00,'transfer','2025-12-12 21:50:17'),(373,4,2,3,84000.00,'transfer','2025-10-01 19:12:29'),(374,4,1,3,54000.00,'cash','2025-12-10 11:41:02'),(375,3,2,2,56000.00,'transfer','2026-02-22 18:20:30'),(376,6,3,1,45000.00,'transfer','2026-01-07 18:57:53'),(377,11,2,1,28000.00,'cash','2026-02-16 13:01:19'),(378,7,2,2,56000.00,'transfer','2025-09-18 09:28:18'),(379,8,4,3,75000.00,'transfer','2026-01-03 13:45:48'),(380,11,8,1,45000.00,'cash','2025-12-03 13:36:57'),(381,8,4,1,25000.00,'cash','2026-02-19 20:00:37'),(382,12,2,1,28000.00,'transfer','2026-03-02 12:24:57'),(383,7,9,3,210000.00,'transfer','2025-12-24 17:49:00'),(384,10,1,1,18000.00,'transfer','2026-02-19 13:47:14'),(385,4,9,1,70000.00,'transfer','2026-02-15 10:26:57'),(386,11,9,2,140000.00,'transfer','2025-10-29 20:56:55'),(387,11,4,1,25000.00,'cash','2025-09-18 19:39:39'),(388,10,1,4,72000.00,'transfer','2025-10-26 19:27:56'),(389,10,2,1,28000.00,'cash','2025-09-27 20:28:50'),(390,4,8,2,90000.00,'cash','2025-12-18 17:14:09'),(391,11,8,1,45000.00,'cash','2025-09-06 18:28:43'),(392,10,5,1,35000.00,'transfer','2025-09-11 16:42:47'),(393,7,5,1,35000.00,'cash','2025-11-15 12:40:37'),(394,9,7,2,60000.00,'transfer','2025-12-24 20:21:08'),(395,7,4,1,25000.00,'cash','2025-11-08 19:42:20'),(396,4,8,1,45000.00,'cash','2026-01-25 16:22:58'),(397,9,9,2,140000.00,'cash','2026-02-19 18:05:24'),(398,10,8,2,90000.00,'transfer','2025-12-20 19:00:33'),(399,4,7,2,60000.00,'transfer','2025-09-16 18:42:40'),(400,8,4,1,25000.00,'transfer','2025-10-06 19:15:23'),(401,4,7,3,90000.00,'transfer','2026-02-24 21:33:12'),(402,11,4,3,75000.00,'cash','2025-12-07 09:54:14'),(403,6,7,2,60000.00,'transfer','2025-10-02 08:10:00'),(404,11,5,1,35000.00,'transfer','2026-02-22 21:26:09'),(405,6,1,1,18000.00,'transfer','2025-09-07 20:11:38'),(406,3,1,1,18000.00,'cash','2026-02-25 15:48:23'),(407,12,6,3,165000.00,'transfer','2026-01-29 12:32:38'),(408,6,1,2,36000.00,'transfer','2025-10-25 15:59:19'),(409,10,2,1,28000.00,'transfer','2025-09-09 14:38:39'),(410,5,3,1,45000.00,'transfer','2026-01-17 10:33:05'),(411,12,3,1,45000.00,'cash','2025-10-17 08:12:50'),(412,3,4,1,25000.00,'cash','2025-11-04 20:26:22'),(413,12,7,1,30000.00,'transfer','2025-12-30 09:17:21'),(414,6,7,2,60000.00,'cash','2025-10-13 18:08:25'),(415,12,2,2,56000.00,'cash','2026-01-31 18:20:35'),(416,10,4,1,25000.00,'transfer','2025-10-02 13:44:07'),(417,6,1,3,54000.00,'cash','2025-10-22 20:26:34'),(418,3,5,2,70000.00,'cash','2025-10-16 19:17:41'),(419,8,4,2,50000.00,'cash','2025-11-26 11:02:58'),(420,6,1,1,18000.00,'transfer','2025-12-26 08:35:38'),(421,4,3,1,45000.00,'transfer','2026-01-28 09:54:37'),(422,9,3,2,90000.00,'cash','2025-10-08 20:43:03'),(423,8,4,3,75000.00,'transfer','2025-11-23 08:44:02'),(424,6,2,2,56000.00,'transfer','2026-02-21 20:29:36'),(425,11,2,2,56000.00,'transfer','2025-11-13 13:37:36'),(426,4,2,4,112000.00,'cash','2026-02-02 11:01:16'),(427,7,8,3,135000.00,'transfer','2026-01-23 15:04:25'),(428,12,1,1,18000.00,'cash','2026-01-23 21:22:24'),(429,3,5,2,70000.00,'transfer','2025-09-26 18:39:27'),(430,9,2,2,56000.00,'cash','2026-02-13 08:01:45'),(431,9,4,4,100000.00,'cash','2026-01-17 09:56:34'),(432,12,1,1,18000.00,'cash','2026-02-10 11:32:30'),(433,9,1,3,54000.00,'transfer','2026-03-03 14:14:27'),(434,3,5,3,105000.00,'cash','2025-12-04 14:13:27'),(435,7,7,1,30000.00,'cash','2025-11-17 10:15:25'),(436,7,5,1,35000.00,'transfer','2025-09-19 14:27:59'),(437,6,1,2,36000.00,'transfer','2025-10-30 14:19:43'),(438,10,9,4,280000.00,'transfer','2025-12-19 12:08:10'),(439,12,4,2,50000.00,'transfer','2025-12-28 14:36:13'),(440,8,6,2,110000.00,'transfer','2025-10-30 09:35:54'),(441,5,5,2,70000.00,'transfer','2025-10-26 10:09:40'),(442,6,8,3,135000.00,'cash','2026-01-17 09:17:03'),(443,11,3,1,45000.00,'transfer','2026-01-28 11:15:06'),(444,6,4,1,25000.00,'cash','2025-12-08 14:55:16'),(445,4,5,3,105000.00,'transfer','2026-02-17 08:00:16'),(446,6,9,1,70000.00,'transfer','2025-11-20 19:12:50'),(447,7,2,1,28000.00,'cash','2026-01-11 20:26:21'),(448,9,6,2,110000.00,'cash','2026-01-22 14:47:36'),(449,3,7,2,60000.00,'cash','2025-12-27 12:48:31'),(450,6,1,1,18000.00,'cash','2026-02-12 13:59:34'),(451,12,8,1,45000.00,'transfer','2025-12-15 13:52:41'),(452,3,6,3,165000.00,'transfer','2026-01-10 08:48:10'),(453,7,5,1,35000.00,'transfer','2025-12-05 11:11:57'),(454,9,1,1,18000.00,'cash','2025-09-24 20:18:37'),(455,4,4,2,50000.00,'transfer','2026-01-13 21:05:31'),(456,12,4,2,50000.00,'cash','2026-02-24 17:43:44'),(457,12,2,2,56000.00,'transfer','2025-12-17 14:20:00'),(458,3,4,1,25000.00,'transfer','2026-01-20 11:12:40'),(459,11,6,2,110000.00,'cash','2025-12-15 10:36:15'),(460,7,1,1,18000.00,'transfer','2025-10-10 17:54:22'),(461,5,4,1,25000.00,'cash','2026-02-20 20:06:13'),(462,7,1,1,18000.00,'cash','2025-12-20 15:38:32'),(463,10,7,1,30000.00,'transfer','2025-09-25 12:02:52'),(464,5,5,1,35000.00,'transfer','2025-11-24 21:03:38'),(465,6,7,1,30000.00,'transfer','2026-01-12 21:23:19'),(466,7,8,1,45000.00,'cash','2026-01-13 15:03:22'),(467,5,2,2,56000.00,'transfer','2026-01-25 15:35:43'),(468,6,4,2,50000.00,'cash','2025-10-05 15:29:20'),(469,4,1,1,18000.00,'transfer','2025-10-04 10:11:18'),(470,9,5,2,70000.00,'transfer','2026-01-13 09:41:13'),(471,10,1,1,18000.00,'transfer','2025-12-27 11:21:15'),(472,12,4,1,25000.00,'cash','2025-12-02 20:13:48'),(473,11,2,3,84000.00,'cash','2026-01-14 12:50:48'),(474,10,1,1,18000.00,'cash','2025-09-18 11:59:29'),(475,7,2,4,112000.00,'cash','2025-10-20 11:54:50'),(476,8,2,1,28000.00,'transfer','2025-09-12 15:17:17'),(477,8,3,1,45000.00,'cash','2025-11-03 16:01:30'),(478,12,5,2,70000.00,'transfer','2026-01-02 17:20:40'),(479,12,7,1,30000.00,'cash','2025-11-06 19:51:46'),(480,10,8,1,45000.00,'transfer','2025-09-14 19:09:44'),(481,12,1,1,18000.00,'transfer','2025-09-12 12:18:09'),(482,11,7,1,30000.00,'transfer','2026-02-03 15:49:55'),(483,8,4,1,25000.00,'transfer','2026-01-08 15:21:47'),(484,12,6,1,55000.00,'cash','2025-10-28 08:24:46'),(485,12,2,2,56000.00,'cash','2025-10-23 13:32:33'),(486,9,1,4,72000.00,'cash','2026-01-29 17:31:49'),(487,3,1,1,18000.00,'cash','2026-02-09 17:49:29'),(488,9,5,2,70000.00,'transfer','2025-12-25 14:15:00'),(489,7,2,1,28000.00,'cash','2026-01-20 08:00:27'),(490,11,8,1,45000.00,'transfer','2025-10-22 11:27:10'),(491,9,4,4,100000.00,'cash','2025-09-15 18:52:22'),(492,9,4,2,50000.00,'cash','2025-10-23 20:01:48'),(493,11,3,1,45000.00,'cash','2025-12-08 14:38:59'),(494,6,5,1,35000.00,'transfer','2025-09-17 16:17:30'),(495,12,2,1,28000.00,'cash','2025-12-07 09:32:34'),(496,7,9,1,70000.00,'cash','2025-10-30 08:45:26'),(497,8,8,2,90000.00,'cash','2025-12-11 12:38:00'),(498,9,7,3,90000.00,'transfer','2025-11-03 15:15:16'),(499,11,3,2,90000.00,'cash','2025-09-10 19:47:36'),(500,5,1,2,36000.00,'cash','2025-11-12 09:18:36'),(501,10,4,1,25000.00,'cash','2025-09-21 10:44:25'),(502,3,1,1,18000.00,'transfer','2025-12-08 18:40:28'),(503,3,3,4,180000.00,'transfer','2025-09-08 10:50:45'),(504,7,7,4,120000.00,'cash','2025-10-07 13:00:27'),(505,3,2,2,56000.00,'cash','2025-09-19 13:59:36'),(506,10,8,3,135000.00,'cash','2026-02-03 13:17:51'),(507,7,7,1,30000.00,'transfer','2025-12-09 08:43:24'),(508,11,1,1,18000.00,'cash','2026-01-15 21:44:58'),(509,5,4,2,50000.00,'cash','2025-12-13 18:54:20'),(510,10,7,4,120000.00,'cash','2025-09-16 08:44:20'),(511,12,7,1,30000.00,'cash','2025-11-07 13:40:10'),(512,4,6,1,55000.00,'transfer','2026-03-05 18:43:49'),(513,11,2,1,28000.00,'cash','2026-02-06 08:08:48'),(514,5,2,4,112000.00,'transfer','2025-10-13 17:15:58'),(515,12,9,1,70000.00,'transfer','2026-01-30 09:56:46'),(516,9,1,2,36000.00,'cash','2025-10-14 15:49:48'),(517,12,7,3,90000.00,'cash','2026-01-12 19:09:30'),(518,10,7,2,60000.00,'cash','2026-02-14 15:21:17'),(519,3,5,1,35000.00,'cash','2025-10-27 13:45:15'),(520,4,1,2,36000.00,'transfer','2025-11-22 16:41:41'),(521,10,8,1,45000.00,'cash','2025-10-29 17:36:03'),(522,5,1,3,54000.00,'transfer','2025-09-18 15:24:44'),(523,12,1,3,54000.00,'transfer','2025-12-21 15:50:59'),(524,11,7,3,90000.00,'transfer','2025-10-06 21:15:12'),(525,5,4,1,25000.00,'transfer','2025-09-19 21:41:55'),(526,3,2,3,84000.00,'transfer','2025-11-25 21:59:05'),(527,7,1,2,36000.00,'transfer','2026-02-14 14:49:47'),(528,4,1,1,18000.00,'transfer','2025-11-30 13:57:35'),(529,3,1,1,18000.00,'cash','2025-11-10 13:09:07'),(530,4,4,1,25000.00,'cash','2025-11-29 19:46:17'),(531,3,4,2,50000.00,'cash','2025-12-04 19:47:07'),(532,9,5,1,35000.00,'cash','2025-12-27 14:45:14'),(533,9,5,1,35000.00,'transfer','2026-02-25 18:46:31'),(534,12,5,3,105000.00,'transfer','2025-09-06 12:26:01'),(535,9,4,2,50000.00,'transfer','2026-02-28 09:58:54'),(536,11,1,1,18000.00,'cash','2025-11-04 19:23:27'),(537,9,1,2,36000.00,'transfer','2026-02-06 16:16:51'),(538,8,4,2,50000.00,'transfer','2025-12-18 16:39:12'),(539,11,7,2,60000.00,'transfer','2025-11-21 10:31:33'),(540,6,2,1,28000.00,'transfer','2025-11-22 10:13:27'),(541,5,4,3,75000.00,'transfer','2025-12-26 12:31:54'),(542,5,1,3,54000.00,'cash','2025-11-12 21:20:34'),(543,12,3,1,45000.00,'transfer','2025-11-18 21:34:52'),(544,6,7,2,60000.00,'cash','2025-10-12 16:41:31'),(545,11,7,1,30000.00,'transfer','2026-01-01 13:13:38'),(546,10,5,2,70000.00,'cash','2025-11-04 19:32:34'),(547,9,4,1,25000.00,'transfer','2025-09-14 20:02:18'),(548,4,6,2,110000.00,'cash','2026-02-25 16:33:33'),(549,7,2,2,56000.00,'transfer','2026-02-24 11:38:56'),(550,7,5,2,70000.00,'transfer','2026-01-04 20:45:28');
/*!40000 ALTER TABLE `transactions` ENABLE KEYS */;
UNLOCK TABLES;
/*!40103 SET TIME_ZONE=@OLD_TIME_ZONE */;

/*!40101 SET SQL_MODE=@OLD_SQL_MODE */;
/*!40014 SET FOREIGN_KEY_CHECKS=@OLD_FOREIGN_KEY_CHECKS */;
/*!40014 SET UNIQUE_CHECKS=@OLD_UNIQUE_CHECKS */;
/*!40101 SET CHARACTER_SET_CLIENT=@OLD_CHARACTER_SET_CLIENT */;
/*!40101 SET CHARACTER_SET_RESULTS=@OLD_CHARACTER_SET_RESULTS */;
/*!40101 SET COLLATION_CONNECTION=@OLD_COLLATION_CONNECTION */;
/*!40111 SET SQL_NOTES=@OLD_SQL_NOTES */;

-- Dump completed on 2026-03-10  8:51:08
